val_batches,ref_lr,mad_multiplier,loss_fn,val_size,dispersion,winsorize,threshold_mode,ema_alpha,freeze_bn,relative_improvement,grad_clip,hybrid_lambda,seed,detection_rate,fpr,threshold,mean_detection,std_detection,mean_fpr,std_fpr,auroc,auprc,cohen_d,class_counts,aborted_by_rule
4,0.0005,3.0,mse_logits,1000,mad,0.05,robust,0.2,True,True,,,42,0.0,0.07692307692307693,0.4918805378390474,0.0,0.0,0.07692307692307693,0.0,0.2637362637362637,0.27484039070173527,0.5019879629156349,"{""0"": 100, ""1"": 100, ""2"": 100, ""3"": 100, ""4"": 100, ""5"": 100, ""6"": 100, ""7"": 100, ""8"": 100, ""9"": 100}",True
4,0.0005,3.0,mse_logits,1000,mad,0.05,robust,0.2,True,True,,0.7,42,0.0,0.07692307692307693,0.47180816352234894,0.0,0.0,0.07692307692307693,0.0,0.2637362637362637,0.27484039070173527,0.5019879629156349,"{""0"": 100, ""1"": 100, ""2"": 100, ""3"": 100, ""4"": 100, ""5"": 100, ""6"": 100, ""7"": 100, ""8"": 100, ""9"": 100}",True
4,0.0005,3.0,mse_logits,1000,mad,0.05,robust,0.2,True,True,1.0,,42,0.0,0.07692307692307693,0.49877572633394673,0.0,0.0,0.07692307692307693,0.0,0.31868131868131866,0.2947338744110084,0.42949855338200055,"{""0"": 100, ""1"": 100, ""2"": 100, ""3"": 100, ""4"": 100, ""5"": 100, ""6"": 100, ""7"": 100, ""8"": 100, ""9"": 100}",True
4,0.0005,3.0,mse_logits,1000,mad,0.05,robust,0.2,True,True,1.0,0.7,42,0.0,0.07692307692307693,0.47538814614219566,0.0,0.0,0.07692307692307693,0.0,0.31868131868131866,0.2947338744110084,0.42949855338200055,"{""0"": 100, ""1"": 100, ""2"": 100, ""3"": 100, ""4"": 100, ""5"": 100, ""6"": 100, ""7"": 100, ""8"": 100, ""9"": 100}",True
4,0.0005,3.0,mse_logits,1000,biweight,0.05,robust,0.2,True,True,,,42,0.0,0.07692307692307693,0.48889914770254317,0.0,0.0,0.07692307692307693,0.0,0.2637362637362637,0.27484039070173527,0.5019879629156349,"{""0"": 100, ""1"": 100, ""2"": 100, ""3"": 100, ""4"": 100, ""5"": 100, ""6"": 100, ""7"": 100, ""8"": 100, ""9"": 100}",True
4,0.0005,3.0,mse_logits,1000,biweight,0.05,robust,0.2,True,True,,0.7,42,0.0,0.07692307692307693,0.4676959882052586,0.0,0.0,0.07692307692307693,0.0,0.2637362637362637,0.27484039070173527,0.5019879629156349,"{""0"": 100, ""1"": 100, ""2"": 100, ""3"": 100, ""4"": 100, ""5"": 100, ""6"": 100, ""7"": 100, ""8"": 100, ""9"": 100}",True
4,0.0005,3.0,mse_logits,1000,biweight,0.05,robust,0.2,True,True,1.0,,42,0.0,0.07692307692307693,0.4987167346280701,0.0,0.0,0.07692307692307693,0.0,0.31868131868131866,0.2947338744110084,0.42949855338200055,"{""0"": 100, ""1"": 100, ""2"": 100, ""3"": 100, ""4"": 100, ""5"": 100, ""6"": 100, ""7"": 100, ""8"": 100, ""9"": 100}",True
4,0.0005,3.0,mse_logits,1000,biweight,0.05,robust,0.2,True,True,1.0,0.7,42,0.0,0.07692307692307693,0.47416754419827456,0.0,0.0,0.07692307692307693,0.0,0.31868131868131866,0.2947338744110084,0.42949855338200055,"{""0"": 100, ""1"": 100, ""2"": 100, ""3"": 100, ""4"": 100, ""5"": 100, ""6"": 100, ""7"": 100, ""8"": 100, ""9"": 100}",True
4,0.0005,3.0,mse_logits,2000,mad,0.05,robust,0.2,True,True,,,42,0.0,0.07692307692307693,0.48872102656150224,0.0,0.0,0.07692307692307693,0.0,0.41758241758241754,0.3267685064456405,0.22828407638981993,"{""0"": 200, ""1"": 200, ""2"": 200, ""3"": 200, ""4"": 200, ""5"": 200, ""6"": 200, ""7"": 200, ""8"": 200, ""9"": 200}",True
4,0.0005,3.0,mse_logits,2000,mad,0.05,robust,0.2,True,True,,0.7,42,0.0,0.07692307692307693,0.46646384156105636,0.0,0.0,0.07692307692307693,0.0,0.41758241758241754,0.3267685064456405,0.22828407638981993,"{""0"": 200, ""1"": 200, ""2"": 200, ""3"": 200, ""4"": 200, ""5"": 200, ""6"": 200, ""7"": 200, ""8"": 200, ""9"": 200}",True
4,0.0005,3.0,mse_logits,2000,mad,0.05,robust,0.2,True,True,1.0,,42,0.0,0.07692307692307693,0.4985822836215629,0.0,0.0,0.07692307692307693,0.0,0.43956043956043955,0.34777690980698495,0.16273843957400788,"{""0"": 200, ""1"": 200, ""2"": 200, ""3"": 200, ""4"": 200, ""5"": 200, ""6"": 200, ""7"": 200, ""8"": 200, ""9"": 200}",True
4,0.0005,3.0,mse_logits,2000,mad,0.05,robust,0.2,True,True,1.0,0.7,42,0.0,0.07692307692307693,0.47585798335681584,0.0,0.0,0.07692307692307693,0.0,0.43956043956043955,0.34777690980698495,0.16273843957400788,"{""0"": 200, ""1"": 200, ""2"": 200, ""3"": 200, ""4"": 200, ""5"": 200, ""6"": 200, ""7"": 200, ""8"": 200, ""9"": 200}",True
4,0.0005,3.0,mse_logits,2000,biweight,0.05,robust,0.2,True,True,,,42,0.0,0.07692307692307693,0.48359285897266896,0.0,0.0,0.07692307692307693,0.0,0.41758241758241754,0.3267685064456405,0.22828407638981993,"{""0"": 200, ""1"": 200, ""2"": 200, ""3"": 200, ""4"": 200, ""5"": 200, ""6"": 200, ""7"": 200, ""8"": 200, ""9"": 200}",True
4,0.0005,3.0,mse_logits,2000,biweight,0.05,robust,0.2,True,True,,0.7,42,0.0,0.07692307692307693,0.45821798979381595,0.0,0.0,0.07692307692307693,0.0,0.41758241758241754,0.3267685064456405,0.22828407638981993,"{""0"": 200, ""1"": 200, ""2"": 200, ""3"": 200, ""4"": 200, ""5"": 200, ""6"": 200, ""7"": 200, ""8"": 200, ""9"": 200}",True
4,0.0005,3.0,mse_logits,2000,biweight,0.05,robust,0.2,True,True,1.0,,42,0.0,0.07692307692307693,0.49814890311121945,0.0,0.0,0.07692307692307693,0.0,0.43956043956043955,0.34777690980698495,0.16273843957400788,"{""0"": 200, ""1"": 200, ""2"": 200, ""3"": 200, ""4"": 200, ""5"": 200, ""6"": 200, ""7"": 200, ""8"": 200, ""9"": 200}",True
4,0.0005,3.0,mse_logits,2000,biweight,0.05,robust,0.2,True,True,1.0,0.7,42,0.0,0.07692307692307693,0.46853553296782213,0.0,0.0,0.07692307692307693,0.0,0.43956043956043955,0.34777690980698495,0.16273843957400788,"{""0"": 200, ""1"": 200, ""2"": 200, ""3"": 200, ""4"": 200, ""5"": 200, ""6"": 200, ""7"": 200, ""8"": 200, ""9"": 200}",True
4,0.0005,3.5,mse_logits,1000,mad,0.05,robust,0.2,True,True,,,42,0.0,0.07692307692307693,0.49003862301799633,0.0,0.0,0.07692307692307693,0.0,0.2637362637362637,0.27484039070173527,0.5019879629156349,"{""0"": 100, ""1"": 100, ""2"": 100, ""3"": 100, ""4"": 100, ""5"": 100, ""6"": 100, ""7"": 100, ""8"": 100, ""9"": 100}",True
4,0.0005,3.5,mse_logits,1000,mad,0.05,robust,0.2,True,True,,0.7,42,0.0,0.07692307692307693,0.4657617903503329,0.0,0.0,0.07692307692307693,0.0,0.2637362637362637,0.27484039070173527,0.5019879629156349,"{""0"": 100, ""1"": 100, ""2"": 100, ""3"": 100, ""4"": 100, ""5"": 100, ""6"": 100, ""7"": 100, ""8"": 100, ""9"": 100}",True
4,0.0005,3.5,mse_logits,1000,mad,0.05,robust,0.2,True,True,1.0,,42,0.0,0.0,0.4985200788126513,0.0,0.0,0.0,0.0,0.31868131868131866,0.2947338744110084,0.42949855338200055,"{""0"": 100, ""1"": 100, ""2"": 100, ""3"": 100, ""4"": 100, ""5"": 100, ""6"": 100, ""7"": 100, ""8"": 100, ""9"": 100}",True
4,0.0005,3.5,mse_logits,1000,mad,0.05,robust,0.2,True,True,1.0,0.7,42,0.0,0.0,0.47024438519224476,0.0,0.0,0.0,0.0,0.31868131868131866,0.2947338744110084,0.42949855338200055,"{""0"": 100, ""1"": 100, ""2"": 100, ""3"": 100, ""4"": 100, ""5"": 100, ""6"": 100, ""7"": 100, ""8"": 100, ""9"": 100}",True
4,0.0005,3.5,mse_logits,1000,biweight,0.05,robust,0.2,True,True,,,42,0.0,0.0,0.48656033452540814,0.0,0.0,0.0,0.0,0.2637362637362637,0.27484039070173527,0.5019879629156349,"{""0"": 100, ""1"": 100, ""2"": 100, ""3"": 100, ""4"": 100, ""5"": 100, ""6"": 100, ""7"": 100, ""8"": 100, ""9"": 100}",True
4,0.0005,3.5,mse_logits,1000,biweight,0.05,robust,0.2,True,True,,0.7,42,0.0,0.0,0.4609642524803942,0.0,0.0,0.0,0.0,0.2637362637362637,0.27484039070173527,0.5019879629156349,"{""0"": 100, ""1"": 100, ""2"": 100, ""3"": 100, ""4"": 100, ""5"": 100, ""6"": 100, ""7"": 100, ""8"": 100, ""9"": 100}",True
4,0.0005,3.5,mse_logits,1000,biweight,0.05,robust,0.2,True,True,1.0,,42,0.0,0.0,0.4984512551557952,0.0,0.0,0.0,0.0,0.31868131868131866,0.2947338744110084,0.42949855338200055,"{""0"": 100, ""1"": 100, ""2"": 100, ""3"": 100, ""4"": 100, ""5"": 100, ""6"": 100, ""7"": 100, ""8"": 100, ""9"": 100}",True
4,0.0005,3.5,mse_logits,1000,biweight,0.05,robust,0.2,True,True,1.0,0.7,42,0.0,0.0,0.4688203495910035,0.0,0.0,0.0,0.0,0.31868131868131866,0.2947338744110084,0.42949855338200055,"{""0"": 100, ""1"": 100, ""2"": 100, ""3"": 100, ""4"": 100, ""5"": 100, ""6"": 100, ""7"": 100, ""8"": 100, ""9"": 100}",True
4,0.0005,3.5,mse_logits,2000,mad,0.05,robust,0.2,True,True,,,42,0.0,0.07692307692307693,0.48655511571104,0.0,0.0,0.07692307692307693,0.0,0.41758241758241754,0.3267685064456405,0.22828407638981993,"{""0"": 200, ""1"": 200, ""2"": 200, ""3"": 200, ""4"": 200, ""5"": 200, ""6"": 200, ""7"": 200, ""8"": 200, ""9"": 200}",True
4,0.0005,3.5,mse_logits,2000,mad,0.05,robust,0.2,True,True,,0.7,42,0.0,0.07692307692307693,0.4601131318208309,0.0,0.0,0.07692307692307693,0.0,0.41758241758241754,0.3267685064456405,0.22828407638981993,"{""0"": 200, ""1"": 200, ""2"": 200, ""3"": 200, ""4"": 200, ""5"": 200, ""6"": 200, ""7"": 200, ""8"": 200, ""9"": 200}",True
4,0.0005,3.5,mse_logits,2000,mad,0.05,robust,0.2,True,True,1.0,,42,0.0,0.07692307692307693,0.4983118068710994,0.0,0.0,0.07692307692307693,0.0,0.43956043956043955,0.34777690980698495,0.16273843957400788,"{""0"": 200, ""1"": 200, ""2"": 200, ""3"": 200, ""4"": 200, ""5"": 200, ""6"": 200, ""7"": 200, ""8"": 200, ""9"": 200}",True
4,0.0005,3.5,mse_logits,2000,mad,0.05,robust,0.2,True,True,1.0,0.7,42,0.0,0.07692307692307693,0.4712492877955423,0.0,0.0,0.07692307692307693,0.0,0.43956043956043955,0.34777690980698495,0.16273843957400788,"{""0"": 200, ""1"": 200, ""2"": 200, ""3"": 200, ""4"": 200, ""5"": 200, ""6"": 200, ""7"": 200, ""8"": 200, ""9"": 200}",True
4,0.0005,3.5,mse_logits,2000,biweight,0.05,robust,0.2,True,True,,,42,0.0,0.07692307692307693,0.48057225352406785,0.0,0.0,0.07692307692307693,0.0,0.41758241758241754,0.3267685064456405,0.22828407638981993,"{""0"": 200, ""1"": 200, ""2"": 200, ""3"": 200, ""4"": 200, ""5"": 200, ""6"": 200, ""7"": 200, ""8"": 200, ""9"": 200}",True
4,0.0005,3.5,mse_logits,2000,biweight,0.05,robust,0.2,True,True,,0.7,42,0.0,0.07692307692307693,0.45049297142571715,0.0,0.0,0.07692307692307693,0.0,0.41758241758241754,0.3267685064456405,0.22828407638981993,"{""0"": 200, ""1"": 200, ""2"": 200, ""3"": 200, ""4"": 200, ""5"": 200, ""6"": 200, ""7"": 200, ""8"": 200, ""9"": 200}",True
4,0.0005,3.5,mse_logits,2000,biweight,0.05,robust,0.2,True,True,1.0,,42,0.0,0.07692307692307693,0.49780619627569866,0.0,0.0,0.07692307692307693,0.0,0.43956043956043955,0.34777690980698495,0.16273843957400788,"{""0"": 200, ""1"": 200, ""2"": 200, ""3"": 200, ""4"": 200, ""5"": 200, ""6"": 200, ""7"": 200, ""8"": 200, ""9"": 200}",True
4,0.0005,3.5,mse_logits,2000,biweight,0.05,robust,0.2,True,True,1.0,0.7,42,0.0,0.07692307692307693,0.46270642900838305,0.0,0.0,0.07692307692307693,0.0,0.43956043956043955,0.34777690980698495,0.16273843957400788,"{""0"": 200, ""1"": 200, ""2"": 200, ""3"": 200, ""4"": 200, ""5"": 200, ""6"": 200, ""7"": 200, ""8"": 200, ""9"": 200}",True
4,0.0005,4.0,mse_logits,1000,mad,0.05,robust,0.2,True,True,,,42,0.0,0.07692307692307693,0.4881967081969453,0.0,0.0,0.07692307692307693,0.0,0.2637362637362637,0.27484039070173527,0.5019879629156349,"{""0"": 100, ""1"": 100, ""2"": 100, ""3"": 100, ""4"": 100, ""5"": 100, ""6"": 100, ""7"": 100, ""8"": 100, ""9"": 100}",True
4,0.0005,4.0,mse_logits,1000,mad,0.05,robust,0.2,True,True,,0.7,42,0.0,0.0,0.45971541717831677,0.0,0.0,0.0,0.0,0.2637362637362637,0.27484039070173527,0.5019879629156349,"{""0"": 100, ""1"": 100, ""2"": 100, ""3"": 100, ""4"": 100, ""5"": 100, ""6"": 100, ""7"": 100, ""8"": 100, ""9"": 100}",True
4,0.0005,4.0,mse_logits,1000,mad,0.05,robust,0.2,True,True,1.0,,42,0.0,0.0,0.4982644312913559,0.0,0.0,0.0,0.0,0.31868131868131866,0.2947338744110084,0.42949855338200055,"{""0"": 100, ""1"": 100, ""2"": 100, ""3"": 100, ""4"": 100, ""5"": 100, ""6"": 100, ""7"": 100, ""8"": 100, ""9"": 100}",True
4,0.0005,4.0,mse_logits,1000,mad,0.05,robust,0.2,True,True,1.0,0.7,42,0.0,0.0,0.4651006242422938,0.0,0.0,0.0,0.0,0.31868131868131866,0.2947338744110084,0.42949855338200055,"{""0"": 100, ""1"": 100, ""2"": 100, ""3"": 100, ""4"": 100, ""5"": 100, ""6"": 100, ""7"": 100, ""8"": 100, ""9"": 100}",True
4,0.0005,4.0,mse_logits,1000,biweight,0.05,robust,0.2,True,True,,,42,0.0,0.0,0.48422152134827307,0.0,0.0,0.0,0.0,0.2637362637362637,0.27484039070173527,0.5019879629156349,"{""0"": 100, ""1"": 100, ""2"": 100, ""3"": 100, ""4"": 100, ""5"": 100, ""6"": 100, ""7"": 100, ""8"": 100, ""9"": 100}",True
4,0.0005,4.0,mse_logits,1000,biweight,0.05,robust,0.2,True,True,,0.7,42,0.0,0.0,0.4542325167555297,0.0,0.0,0.0,0.0,0.2637362637362637,0.27484039070173527,0.5019879629156349,"{""0"": 100, ""1"": 100, ""2"": 100, ""3"": 100, ""4"": 100, ""5"": 100, ""6"": 100, ""7"": 100, ""8"": 100, ""9"": 100}",True
4,0.0005,4.0,mse_logits,1000,biweight,0.05,robust,0.2,True,True,1.0,,42,0.0,0.0,0.49818577568352035,0.0,0.0,0.0,0.0,0.31868131868131866,0.2947338744110084,0.42949855338200055,"{""0"": 100, ""1"": 100, ""2"": 100, ""3"": 100, ""4"": 100, ""5"": 100, ""6"": 100, ""7"": 100, ""8"": 100, ""9"": 100}",True
4,0.0005,4.0,mse_logits,1000,biweight,0.05,robust,0.2,True,True,1.0,0.7,42,0.0,0.0,0.4634731549837324,0.0,0.0,0.0,0.0,0.31868131868131866,0.2947338744110084,0.42949855338200055,"{""0"": 100, ""1"": 100, ""2"": 100, ""3"": 100, ""4"": 100, ""5"": 100, ""6"": 100, ""7"": 100, ""8"": 100, ""9"": 100}",True
4,0.0005,4.0,mse_logits,2000,mad,0.05,robust,0.2,True,True,,,42,0.0,0.07692307692307693,0.4843892048605777,0.0,0.0,0.07692307692307693,0.0,0.41758241758241754,0.3267685064456405,0.22828407638981993,"{""0"": 200, ""1"": 200, ""2"": 200, ""3"": 200, ""4"": 200, ""5"": 200, ""6"": 200, ""7"": 200, ""8"": 200, ""9"": 200}",True
4,0.0005,4.0,mse_logits,2000,mad,0.05,robust,0.2,True,True,,0.7,42,0.0,0.07692307692307693,0.45376242208060547,0.0,0.0,0.07692307692307693,0.0,0.41758241758241754,0.3267685064456405,0.22828407638981993,"{""0"": 200, ""1"": 200, ""2"": 200, ""3"": 200, ""4"": 200, ""5"": 200, ""6"": 200, ""7"": 200, ""8"": 200, ""9"": 200}",True
4,0.0005,4.0,mse_logits,2000,mad,0.05,robust,0.2,True,True,1.0,,42,0.0,0.07692307692307693,0.4980413301206358,0.0,0.0,0.07692307692307693,0.0,0.43956043956043955,0.34777690980698495,0.16273843957400788,"{""0"": 200, ""1"": 200, ""2"": 200, ""3"": 200, ""4"": 200, ""5"": 200, ""6"": 200, ""7"": 200, ""8"": 200, ""9"": 200}",True
4,0.0005,4.0,mse_logits,2000,mad,0.05,robust,0.2,True,True,1.0,0.7,42,0.0,0.07692307692307693,0.4666405922342688,0.0,0.0,0.07692307692307693,0.0,0.43956043956043955,0.34777690980698495,0.16273843957400788,"{""0"": 200, ""1"": 200, ""2"": 200, ""3"": 200, ""4"": 200, ""5"": 200, ""6"": 200, ""7"": 200, ""8"": 200, ""9"": 200}",True
4,0.0005,4.0,mse_logits,2000,biweight,0.05,robust,0.2,True,True,,,42,0.0,0.0,0.4775516480754667,0.0,0.0,0.0,0.0,0.41758241758241754,0.3267685064456405,0.22828407638981993,"{""0"": 200, ""1"": 200, ""2"": 200, ""3"": 200, ""4"": 200, ""5"": 200, ""6"": 200, ""7"": 200, ""8"": 200, ""9"": 200}",True
4,0.0005,4.0,mse_logits,2000,biweight,0.05,robust,0.2,True,True,,0.7,42,0.0,0.0,0.4427679530576183,0.0,0.0,0.0,0.0,0.41758241758241754,0.3267685064456405,0.22828407638981993,"{""0"": 200, ""1"": 200, ""2"": 200, ""3"": 200, ""4"": 200, ""5"": 200, ""6"": 200, ""7"": 200, ""8"": 200, ""9"": 200}",True
4,0.0005,4.0,mse_logits,2000,biweight,0.05,robust,0.2,True,True,1.0,,42,0.0,0.0,0.4974634894401779,0.0,0.0,0.0,0.0,0.43956043956043955,0.34777690980698495,0.16273843957400788,"{""0"": 200, ""1"": 200, ""2"": 200, ""3"": 200, ""4"": 200, ""5"": 200, ""6"": 200, ""7"": 200, ""8"": 200, ""9"": 200}",True
4,0.0005,4.0,mse_logits,2000,biweight,0.05,robust,0.2,True,True,1.0,0.7,42,0.0,0.0,0.4568773250489439,0.0,0.0,0.0,0.0,0.43956043956043955,0.34777690980698495,0.16273843957400788,"{""0"": 200, ""1"": 200, ""2"": 200, ""3"": 200, ""4"": 200, ""5"": 200, ""6"": 200, ""7"": 200, ""8"": 200, ""9"": 200}",True
4,0.0001,3.0,mse_logits,1000,mad,0.05,robust,0.2,True,True,,,42,0.0,0.07692307692307693,0.49835586982411173,0.0,0.0,0.07692307692307693,0.0,0.2637362637362637,0.27484039070173527,0.48699447666362683,"{""0"": 100, ""1"": 100, ""2"": 100, ""3"": 100, ""4"": 100, ""5"": 100, ""6"": 100, ""7"": 100, ""8"": 100, ""9"": 100}",True
4,0.0001,3.0,mse_logits,1000,mad,0.05,robust,0.2,True,True,,0.7,42,0.0,0.07692307692307693,0.47495354089614256,0.0,0.0,0.07692307692307693,0.0,0.2637362637362637,0.27484039070173527,0.48699447666362683,"{""0"": 100, ""1"": 100, ""2"": 100, ""3"": 100, ""4"": 100, ""5"": 100, ""6"": 100, ""7"": 100, ""8"": 100, ""9"": 100}",True
4,0.0001,3.0,mse_logits,1000,mad,0.05,robust,0.2,True,True,1.0,,42,0.0,0.07692307692307693,0.49975564076583456,0.0,0.0,0.07692307692307693,0.0,0.31868131868131866,0.2947338744110084,0.42808054672638446,"{""0"": 100, ""1"": 100, ""2"": 100, ""3"": 100, ""4"": 100, ""5"": 100, ""6"": 100, ""7"": 100, ""8"": 100, ""9"": 100}",True
4,0.0001,3.0,mse_logits,1000,mad,0.05,robust,0.2,True,True,1.0,0.7,42,0.0,0.07692307692307693,0.47607408624451725,0.0,0.0,0.07692307692307693,0.0,0.31868131868131866,0.2947338744110084,0.42808054672638446,"{""0"": 100, ""1"": 100, ""2"": 100, ""3"": 100, ""4"": 100, ""5"": 100, ""6"": 100, ""7"": 100, ""8"": 100, ""9"": 100}",True
4,0.0001,3.0,mse_logits,1000,biweight,0.05,robust,0.2,True,True,,,42,0.0,0.07692307692307693,0.4977827039994321,0.0,0.0,0.07692307692307693,0.0,0.2637362637362637,0.27484039070173527,0.48699447666362683,"{""0"": 100, ""1"": 100, ""2"": 100, ""3"": 100, ""4"": 100, ""5"": 100, ""6"": 100, ""7"": 100, ""8"": 100, ""9"": 100}",True
4,0.0001,3.0,mse_logits,1000,biweight,0.05,robust,0.2,True,True,,0.7,42,0.0,0.07692307692307693,0.47360268231590824,0.0,0.0,0.07692307692307693,0.0,0.2637362637362637,0.27484039070173527,0.48699447666362683,"{""0"": 100, ""1"": 100, ""2"": 100, ""3"": 100, ""4"": 100, ""5"": 100, ""6"": 100, ""7"": 100, ""8"": 100, ""9"": 100}",True
4,0.0001,3.0,mse_logits,1000,biweight,0.05,robust,0.2,True,True,1.0,,42,0.0,0.07692307692307693,0.4997434683978668,0.0,0.0,0.07692307692307693,0.0,0.31868131868131866,0.2947338744110084,0.42808054672638446,"{""0"": 100, ""1"": 100, ""2"": 100, ""3"": 100, ""4"": 100, ""5"": 100, ""6"": 100, ""7"": 100, ""8"": 100, ""9"": 100}",True
4,0.0001,3.0,mse_logits,1000,biweight,0.05,robust,0.2,True,True,1.0,0.7,42,0.0,0.07692307692307693,0.47488626111742693,0.0,0.0,0.07692307692307693,0.0,0.31868131868131866,0.2947338744110084,0.42808054672638446,"{""0"": 100, ""1"": 100, ""2"": 100, ""3"": 100, ""4"": 100, ""5"": 100, ""6"": 100, ""7"": 100, ""8"": 100, ""9"": 100}",True
4,0.0001,3.0,mse_logits,2000,mad,0.05,robust,0.2,True,True,,,42,0.0,0.07692307692307693,0.4977543533345034,0.0,0.0,0.07692307692307693,0.0,0.41758241758241754,0.3267685064456405,0.22368660368791046,"{""0"": 200, ""1"": 200, ""2"": 200, ""3"": 200, ""4"": 200, ""5"": 200, ""6"": 200, ""7"": 200, ""8"": 200, ""9"": 200}",True
4,0.0001,3.0,mse_logits,2000,mad,0.05,robust,0.2,True,True,,0.7,42,0.0,0.07692307692307693,0.47445395550869945,0.0,0.0,0.07692307692307693,0.0,0.41758241758241754,0.3267685064456405,0.22368660368791046,"{""0"": 200, ""1"": 200, ""2"": 200, ""3"": 200, ""4"": 200, ""5"": 200, ""6"": 200, ""7"": 200, ""8"": 200, ""9"": 200}",True
4,0.0001,3.0,mse_logits,2000,mad,0.05,robust,0.2,True,True,1.0,,42,0.0,0.07692307692307693,0.4997165459095814,0.0,0.0,0.07692307692307693,0.0,0.43956043956043955,0.34777690980698495,0.16361084358209033,"{""0"": 200, ""1"": 200, ""2"": 200, ""3"": 200, ""4"": 200, ""5"": 200, ""6"": 200, ""7"": 200, ""8"": 200, ""9"": 200}",True
4,0.0001,3.0,mse_logits,2000,mad,0.05,robust,0.2,True,True,1.0,0.7,42,0.0,0.07692307692307693,0.47665196695842876,0.0,0.0,0.07692307692307693,0.0,0.43956043956043955,0.34777690980698495,0.16361084358209033,"{""0"": 200, ""1"": 200, ""2"": 200, ""3"": 200, ""4"": 200, ""5"": 200, ""6"": 200, ""7"": 200, ""8"": 200, ""9"": 200}",True
4,0.0001,3.0,mse_logits,2000,biweight,0.05,robust,0.2,True,True,,,42,0.0,0.07692307692307693,0.49672558457943733,0.0,0.0,0.07692307692307693,0.0,0.41758241758241754,0.3267685064456405,0.22368660368791046,"{""0"": 200, ""1"": 200, ""2"": 200, ""3"": 200, ""4"": 200, ""5"": 200, ""6"": 200, ""7"": 200, ""8"": 200, ""9"": 200}",True
4,0.0001,3.0,mse_logits,2000,biweight,0.05,robust,0.2,True,True,,0.7,42,0.0,0.07692307692307693,0.4674964976124014,0.0,0.0,0.07692307692307693,0.0,0.41758241758241754,0.3267685064456405,0.22368660368791046,"{""0"": 200, ""1"": 200, ""2"": 200, ""3"": 200, ""4"": 200, ""5"": 200, ""6"": 200, ""7"": 200, ""8"": 200, ""9"": 200}",True
4,0.0001,3.0,mse_logits,2000,biweight,0.05,robust,0.2,True,True,1.0,,42,0.0,0.07692307692307693,0.4996298154000746,0.0,0.0,0.07692307692307693,0.0,0.43956043956043955,0.34777690980698495,0.16361084358209033,"{""0"": 200, ""1"": 200, ""2"": 200, ""3"": 200, ""4"": 200, ""5"": 200, ""6"": 200, ""7"": 200, ""8"": 200, ""9"": 200}",True
4,0.0001,3.0,mse_logits,2000,biweight,0.05,robust,0.2,True,True,1.0,0.7,42,0.0,0.07692307692307693,0.46957217140509555,0.0,0.0,0.07692307692307693,0.0,0.43956043956043955,0.34777690980698495,0.16361084358209033,"{""0"": 200, ""1"": 200, ""2"": 200, ""3"": 200, ""4"": 200, ""5"": 200, ""6"": 200, ""7"": 200, ""8"": 200, ""9"": 200}",True
4,0.0001,3.5,mse_logits,1000,mad,0.05,robust,0.2,True,True,,,42,0.0,0.07692307692307693,0.4979832288906717,0.0,0.0,0.07692307692307693,0.0,0.2637362637362637,0.27484039070173527,0.48699447666362683,"{""0"": 100, ""1"": 100, ""2"": 100, ""3"": 100, ""4"": 100, ""5"": 100, ""6"": 100, ""7"": 100, ""8"": 100, ""9"": 100}",True
4,0.0001,3.5,mse_logits,1000,mad,0.05,robust,0.2,True,True,,0.7,42,0.0,0.0,0.46970443360949565,0.0,0.0,0.0,0.0,0.2637362637362637,0.27484039070173527,0.48699447666362683,"{""0"": 100, ""1"": 100, ""2"": 100, ""3"": 100, ""4"": 100, ""5"": 100, ""6"": 100, ""7"": 100, ""8"": 100, ""9"": 100}",True
4,0.0001,3.5,mse_logits,1000,mad,0.05,robust,0.2,True,True,1.0,,42,0.0,0.0,0.4997046270710498,0.0,0.0,0.0,0.0,0.31868131868131866,0.2947338744110084,0.42808054672638446,"{""0"": 100, ""1"": 100, ""2"": 100, ""3"": 100, ""4"": 100, ""5"": 100, ""6"": 100, ""7"": 100, ""8"": 100, ""9"": 100}",True
4,0.0001,3.5,mse_logits,1000,mad,0.05,robust,0.2,True,True,1.0,0.7,42,0.0,0.0,0.4710735689731238,0.0,0.0,0.0,0.0,0.31868131868131866,0.2947338744110084,0.42808054672638446,"{""0"": 100, ""1"": 100, ""2"": 100, ""3"": 100, ""4"": 100, ""5"": 100, ""6"": 100, ""7"": 100, ""8"": 100, ""9"": 100}",True
4,0.0001,3.5,mse_logits,1000,biweight,0.05,robust,0.2,True,True,,,42,0.0,0.07692307692307693,0.4973145354285455,0.0,0.0,0.07692307692307693,0.0,0.2637362637362637,0.27484039070173527,0.48699447666362683,"{""0"": 100, ""1"": 100, ""2"": 100, ""3"": 100, ""4"": 100, ""5"": 100, ""6"": 100, ""7"": 100, ""8"": 100, ""9"": 100}",True
4,0.0001,3.5,mse_logits,1000,biweight,0.05,robust,0.2,True,True,,0.7,42,0.0,0.0,0.4681284319325556,0.0,0.0,0.0,0.0,0.2637362637362637,0.27484039070173527,0.48699447666362683,"{""0"": 100, ""1"": 100, ""2"": 100, ""3"": 100, ""4"": 100, ""5"": 100, ""6"": 100, ""7"": 100, ""8"": 100, ""9"": 100}",True
4,0.0001,3.5,mse_logits,1000,biweight,0.05,robust,0.2,True,True,1.0,,42,0.0,0.0,0.49969042597508745,0.0,0.0,0.0,0.0,0.31868131868131866,0.2947338744110084,0.42808054672638446,"{""0"": 100, ""1"": 100, ""2"": 100, ""3"": 100, ""4"": 100, ""5"": 100, ""6"": 100, ""7"": 100, ""8"": 100, ""9"": 100}",True
4,0.0001,3.5,mse_logits,1000,biweight,0.05,robust,0.2,True,True,1.0,0.7,42,0.0,0.0,0.4696877729915184,0.0,0.0,0.0,0.0,0.31868131868131866,0.2947338744110084,0.42808054672638446,"{""0"": 100, ""1"": 100, ""2"": 100, ""3"": 100, ""4"": 100, ""5"": 100, ""6"": 100, ""7"": 100, ""8"": 100, ""9"": 100}",True
4,0.0001,3.5,mse_logits,2000,mad,0.05,robust,0.2,True,True,,,42,0.0,0.07692307692307693,0.49732163542827634,0.0,0.0,0.07692307692307693,0.0,0.41758241758241754,0.3267685064456405,0.22368660368791046,"{""0"": 200, ""1"": 200, ""2"": 200, ""3"": 200, ""4"": 200, ""5"": 200, ""6"": 200, ""7"": 200, ""8"": 200, ""9"": 200}",True
4,0.0001,3.5,mse_logits,2000,mad,0.05,robust,0.2,True,True,,0.7,42,0.0,0.07692307692307693,0.46959427836386236,0.0,0.0,0.07692307692307693,0.0,0.41758241758241754,0.3267685064456405,0.22368660368791046,"{""0"": 200, ""1"": 200, ""2"": 200, ""3"": 200, ""4"": 200, ""5"": 200, ""6"": 200, ""7"": 200, ""8"": 200, ""9"": 200}",True
4,0.0001,3.5,mse_logits,2000,mad,0.05,robust,0.2,True,True,1.0,,42,0.0,0.07692307692307693,0.49966244211676636,0.0,0.0,0.07692307692307693,0.0,0.43956043956043955,0.34777690980698495,0.16361084358209033,"{""0"": 200, ""1"": 200, ""2"": 200, ""3"": 200, ""4"": 200, ""5"": 200, ""6"": 200, ""7"": 200, ""8"": 200, ""9"": 200}",True
4,0.0001,3.5,mse_logits,2000,mad,0.05,robust,0.2,True,True,1.0,0.7,42,0.0,0.07692307692307693,0.4721947324675092,0.0,0.0,0.07692307692307693,0.0,0.43956043956043955,0.34777690980698495,0.16361084358209033,"{""0"": 200, ""1"": 200, ""2"": 200, ""3"": 200, ""4"": 200, ""5"": 200, ""6"": 200, ""7"": 200, ""8"": 200, ""9"": 200}",True
4,0.0001,3.5,mse_logits,2000,biweight,0.05,robust,0.2,True,True,,,42,0.0,0.07692307692307693,0.49612140521403253,0.0,0.0,0.07692307692307693,0.0,0.41758241758241754,0.3267685064456405,0.22368660368791046,"{""0"": 200, ""1"": 200, ""2"": 200, ""3"": 200, ""4"": 200, ""5"": 200, ""6"": 200, ""7"": 200, ""8"": 200, ""9"": 200}",True
4,0.0001,3.5,mse_logits,2000,biweight,0.05,robust,0.2,True,True,,0.7,42,0.0,0.07692307692307693,0.4614772441515146,0.0,0.0,0.07692307692307693,0.0,0.41758241758241754,0.3267685064456405,0.22368660368791046,"{""0"": 200, ""1"": 200, ""2"": 200, ""3"": 200, ""4"": 200, ""5"": 200, ""6"": 200, ""7"": 200, ""8"": 200, ""9"": 200}",True
4,0.0001,3.5,mse_logits,2000,biweight,0.05,robust,0.2,True,True,1.0,,42,0.0,0.07692307692307693,0.49956125652234173,0.0,0.0,0.07692307692307693,0.0,0.43956043956043955,0.34777690980698495,0.16361084358209033,"{""0"": 200, ""1"": 200, ""2"": 200, ""3"": 200, ""4"": 200, ""5"": 200, ""6"": 200, ""7"": 200, ""8"": 200, ""9"": 200}",True
4,0.0001,3.5,mse_logits,2000,biweight,0.05,robust,0.2,True,True,1.0,0.7,42,0.0,0.07692307692307693,0.46393497098862047,0.0,0.0,0.07692307692307693,0.0,0.43956043956043955,0.34777690980698495,0.16361084358209033,"{""0"": 200, ""1"": 200, ""2"": 200, ""3"": 200, ""4"": 200, ""5"": 200, ""6"": 200, ""7"": 200, ""8"": 200, ""9"": 200}",True
4,0.0001,4.0,mse_logits,1000,mad,0.05,robust,0.2,True,True,,,42,0.0,0.07692307692307693,0.4976105879572317,0.0,0.0,0.07692307692307693,0.0,0.2637362637362637,0.27484039070173527,0.48699447666362683,"{""0"": 100, ""1"": 100, ""2"": 100, ""3"": 100, ""4"": 100, ""5"": 100, ""6"": 100, ""7"": 100, ""8"": 100, ""9"": 100}",True
4,0.0001,4.0,mse_logits,1000,mad,0.05,robust,0.2,True,True,,0.7,42,0.0,0.0,0.4644553263228487,0.0,0.0,0.0,0.0,0.2637362637362637,0.27484039070173527,0.48699447666362683,"{""0"": 100, ""1"": 100, ""2"": 100, ""3"": 100, ""4"": 100, ""5"": 100, ""6"": 100, ""7"": 100, ""8"": 100, ""9"": 100}",True
4,0.0001,4.0,mse_logits,1000,mad,0.05,robust,0.2,True,True,1.0,,42,0.0,0.0,0.499653613376265,0.0,0.0,0.0,0.0,0.31868131868131866,0.2947338744110084,0.42808054672638446,"{""0"": 100, ""1"": 100, ""2"": 100, ""3"": 100, ""4"": 100, ""5"": 100, ""6"": 100, ""7"": 100, ""8"": 100, ""9"": 100}",True
4,0.0001,4.0,mse_logits,1000,mad,0.05,robust,0.2,True,True,1.0,0.7,42,0.0,0.0,0.4660730517017303,0.0,0.0,0.0,0.0,0.31868131868131866,0.2947338744110084,0.42808054672638446,"{""0"": 100, ""1"": 100, ""2"": 100, ""3"": 100, ""4"": 100, ""5"": 100, ""6"": 100, ""7"": 100, ""8"": 100, ""9"": 100}",True
4,0.0001,4.0,mse_logits,1000,biweight,0.05,robust,0.2,True,True,,,42,0.0,0.0,0.49684636685765887,0.0,0.0,0.0,0.0,0.2637362637362637,0.27484039070173527,0.48699447666362683,"{""0"": 100, ""1"": 100, ""2"": 100, ""3"": 100, ""4"": 100, ""5"": 100, ""6"": 100, ""7"": 100, ""8"": 100, ""9"": 100}",True
4,0.0001,4.0,mse_logits,1000,biweight,0.05,robust,0.2,True,True,,0.7,42,0.0,0.0,0.46265418154920296,0.0,0.0,0.0,0.0,0.2637362637362637,0.27484039070173527,0.48699447666362683,"{""0"": 100, ""1"": 100, ""2"": 100, ""3"": 100, ""4"": 100, ""5"": 100, ""6"": 100, ""7"": 100, ""8"": 100, ""9"": 100}",True
4,0.0001,4.0,mse_logits,1000,biweight,0.05,robust,0.2,True,True,1.0,,42,0.0,0.0,0.499637383552308,0.0,0.0,0.0,0.0,0.31868131868131866,0.2947338744110084,0.42808054672638446,"{""0"": 100, ""1"": 100, ""2"": 100, ""3"": 100, ""4"": 100, ""5"": 100, ""6"": 100, ""7"": 100, ""8"": 100, ""9"": 100}",True
4,0.0001,4.0,mse_logits,1000,biweight,0.05,robust,0.2,True,True,1.0,0.7,42,0.0,0.0,0.4644892848656099,0.0,0.0,0.0,0.0,0.31868131868131866,0.2947338744110084,0.42808054672638446,"{""0"": 100, ""1"": 100, ""2"": 100, ""3"": 100, ""4"": 100, ""5"": 100, ""6"": 100, ""7"": 100, ""8"": 100, ""9"": 100}",True
4,0.0001,4.0,mse_logits,2000,mad,0.05,robust,0.2,True,True,,,42,0.0,0.07692307692307693,0.4968889175220492,0.0,0.0,0.07692307692307693,0.0,0.41758241758241754,0.3267685064456405,0.22368660368791046,"{""0"": 200, ""1"": 200, ""2"": 200, ""3"": 200, ""4"": 200, ""5"": 200, ""6"": 200, ""7"": 200, ""8"": 200, ""9"": 200}",True
4,0.0001,4.0,mse_logits,2000,mad,0.05,robust,0.2,True,True,,0.7,42,0.0,0.07692307692307693,0.4647346012190252,0.0,0.0,0.07692307692307693,0.0,0.41758241758241754,0.3267685064456405,0.22368660368791046,"{""0"": 200, ""1"": 200, ""2"": 200, ""3"": 200, ""4"": 200, ""5"": 200, ""6"": 200, ""7"": 200, ""8"": 200, ""9"": 200}",True
4,0.0001,4.0,mse_logits,2000,mad,0.05,robust,0.2,True,True,1.0,,42,0.0,0.07692307692307693,0.49960833832395124,0.0,0.0,0.07692307692307693,0.0,0.43956043956043955,0.34777690980698495,0.16361084358209033,"{""0"": 200, ""1"": 200, ""2"": 200, ""3"": 200, ""4"": 200, ""5"": 200, ""6"": 200, ""7"": 200, ""8"": 200, ""9"": 200}",True
4,0.0001,4.0,mse_logits,2000,mad,0.05,robust,0.2,True,True,1.0,0.7,42,0.0,0.07692307692307693,0.4677374979765896,0.0,0.0,0.07692307692307693,0.0,0.43956043956043955,0.34777690980698495,0.16361084358209033,"{""0"": 200, ""1"": 200, ""2"": 200, ""3"": 200, ""4"": 200, ""5"": 200, ""6"": 200, ""7"": 200, ""8"": 200, ""9"": 200}",True
4,0.0001,4.0,mse_logits,2000,biweight,0.05,robust,0.2,True,True,,,42,0.0,0.0,0.4955172258486278,0.0,0.0,0.0,0.0,0.41758241758241754,0.3267685064456405,0.22368660368791046,"{""0"": 200, ""1"": 200, ""2"": 200, ""3"": 200, ""4"": 200, ""5"": 200, ""6"": 200, ""7"": 200, ""8"": 200, ""9"": 200}",True
4,0.0001,4.0,mse_logits,2000,biweight,0.05,robust,0.2,True,True,,0.7,42,0.0,0.0,0.4554579906906278,0.0,0.0,0.0,0.0,0.41758241758241754,0.3267685064456405,0.22368660368791046,"{""0"": 200, ""1"": 200, ""2"": 200, ""3"": 200, ""4"": 200, ""5"": 200, ""6"": 200, ""7"": 200, ""8"": 200, ""9"": 200}",True
4,0.0001,4.0,mse_logits,2000,biweight,0.05,robust,0.2,True,True,1.0,,42,0.0,0.0,0.49949269764460885,0.0,0.0,0.0,0.0,0.43956043956043955,0.34777690980698495,0.16361084358209033,"{""0"": 200, ""1"": 200, ""2"": 200, ""3"": 200, ""4"": 200, ""5"": 200, ""6"": 200, ""7"": 200, ""8"": 200, ""9"": 200}",True
4,0.0001,4.0,mse_logits,2000,biweight,0.05,robust,0.2,True,True,1.0,0.7,42,0.0,0.0,0.4582977705721454,0.0,0.0,0.0,0.0,0.43956043956043955,0.34777690980698495,0.16361084358209033,"{""0"": 200, ""1"": 200, ""2"": 200, ""3"": 200, ""4"": 200, ""5"": 200, ""6"": 200, ""7"": 200, ""8"": 200, ""9"": 200}",True
8,0.0005,3.0,mse_logits,1000,mad,0.05,robust,0.2,True,True,,,42,0.0,0.07692307692307693,0.4945680568112396,0.0,0.0,0.07692307692307693,0.0,0.23076923076923078,0.2676246740875224,0.5822671746187708,"{""0"": 100, ""1"": 100, ""2"": 100, ""3"": 100, ""4"": 100, ""5"": 100, ""6"": 100, ""7"": 100, ""8"": 100, ""9"": 100}",True
8,0.0005,3.0,mse_logits,1000,mad,0.05,robust,0.2,True,True,,0.7,42,0.0,0.07692307692307693,0.4741726177534305,0.0,0.0,0.07692307692307693,0.0,0.23076923076923078,0.2676246740875224,0.5822671746187708,"{""0"": 100, ""1"": 100, ""2"": 100, ""3"": 100, ""4"": 100, ""5"": 100, ""6"": 100, ""7"": 100, ""8"": 100, ""9"": 100}",True
8,0.0005,3.0,mse_logits,1000,mad,0.05,robust,0.2,True,True,1.0,,42,0.0,0.07692307692307693,0.49922807908910893,0.0,0.0,0.07692307692307693,0.0,0.25274725274725274,0.2709923848081743,0.5423642000380988,"{""0"": 100, ""1"": 100, ""2"": 100, ""3"": 100, ""4"": 100, ""5"": 100, ""6"": 100, ""7"": 100, ""8"": 100, ""9"": 100}",True
8,0.0005,3.0,mse_logits,1000,mad,0.05,robust,0.2,True,True,1.0,0.7,42,0.0,0.07692307692307693,0.47828939623039785,0.0,0.0,0.07692307692307693,0.0,0.25274725274725274,0.2709923848081743,0.5423642000380988,"{""0"": 100, ""1"": 100, ""2"": 100, ""3"": 100, ""4"": 100, ""5"": 100, ""6"": 100, ""7"": 100, ""8"": 100, ""9"": 100}",True
8,0.0005,3.0,mse_logits,1000,biweight,0.05,robust,0.2,True,True,,,42,0.0,0.07692307692307693,0.49112302087604764,0.0,0.0,0.07692307692307693,0.0,0.23076923076923078,0.2676246740875224,0.5822671746187708,"{""0"": 100, ""1"": 100, ""2"": 100, ""3"": 100, ""4"": 100, ""5"": 100, ""6"": 100, ""7"": 100, ""8"": 100, ""9"": 100}",True
8,0.0005,3.0,mse_logits,1000,biweight,0.05,robust,0.2,True,True,,0.7,42,0.0,0.07692307692307693,0.4655457292794978,0.0,0.0,0.07692307692307693,0.0,0.23076923076923078,0.2676246740875224,0.5822671746187708,"{""0"": 100, ""1"": 100, ""2"": 100, ""3"": 100, ""4"": 100, ""5"": 100, ""6"": 100, ""7"": 100, ""8"": 100, ""9"": 100}",True
8,0.0005,3.0,mse_logits,1000,biweight,0.05,robust,0.2,True,True,1.0,,42,0.0,0.07692307692307693,0.4989747206392561,0.0,0.0,0.07692307692307693,0.0,0.25274725274725274,0.2709923848081743,0.5423642000380988,"{""0"": 100, ""1"": 100, ""2"": 100, ""3"": 100, ""4"": 100, ""5"": 100, ""6"": 100, ""7"": 100, ""8"": 100, ""9"": 100}",True
8,0.0005,3.0,mse_logits,1000,biweight,0.05,robust,0.2,True,True,1.0,0.7,42,0.0,0.07692307692307693,0.47104969485562587,0.0,0.0,0.07692307692307693,0.0,0.25274725274725274,0.2709923848081743,0.5423642000380988,"{""0"": 100, ""1"": 100, ""2"": 100, ""3"": 100, ""4"": 100, ""5"": 100, ""6"": 100, ""7"": 100, ""8"": 100, ""9"": 100}",True
8,0.0005,3.0,mse_logits,2000,mad,0.05,robust,0.2,True,True,,,42,0.0,0.07692307692307693,0.4898888219210371,0.0,0.0,0.07692307692307693,0.0,0.2967032967032967,0.2838952247565693,0.5420051634222407,"{""0"": 200, ""1"": 200, ""2"": 200, ""3"": 200, ""4"": 200, ""5"": 200, ""6"": 200, ""7"": 200, ""8"": 200, ""9"": 200}",True
8,0.0005,3.0,mse_logits,2000,mad,0.05,robust,0.2,True,True,,0.7,42,0.0,0.07692307692307693,0.46816512107780694,0.0,0.0,0.07692307692307693,0.0,0.2967032967032967,0.2838952247565693,0.5420051634222407,"{""0"": 200, ""1"": 200, ""2"": 200, ""3"": 200, ""4"": 200, ""5"": 200, ""6"": 200, ""7"": 200, ""8"": 200, ""9"": 200}",True
8,0.0005,3.0,mse_logits,2000,mad,0.05,robust,0.2,True,True,1.0,,42,0.0,0.07692307692307693,0.4987067217598421,0.0,0.0,0.07692307692307693,0.0,0.32967032967032966,0.30801206447491275,0.4713736628273864,"{""0"": 200, ""1"": 200, ""2"": 200, ""3"": 200, ""4"": 200, ""5"": 200, ""6"": 200, ""7"": 200, ""8"": 200, ""9"": 200}",True
8,0.0005,3.0,mse_logits,2000,mad,0.05,robust,0.2,True,True,1.0,0.7,42,0.0,0.07692307692307693,0.47461619642032493,0.0,0.0,0.07692307692307693,0.0,0.32967032967032966,0.30801206447491275,0.4713736628273864,"{""0"": 200, ""1"": 200, ""2"": 200, ""3"": 200, ""4"": 200, ""5"": 200, ""6"": 200, ""7"": 200, ""8"": 200, ""9"": 200}",True
8,0.0005,3.0,mse_logits,2000,biweight,0.05,robust,0.2,True,True,,,42,0.0,0.0,0.48651529490361234,0.0,0.0,0.0,0.0,0.2967032967032967,0.2838952247565693,0.5420051634222407,"{""0"": 200, ""1"": 200, ""2"": 200, ""3"": 200, ""4"": 200, ""5"": 200, ""6"": 200, ""7"": 200, ""8"": 200, ""9"": 200}",True
8,0.0005,3.0,mse_logits,2000,biweight,0.05,robust,0.2,True,True,,0.7,42,0.0,0.0,0.46289686556534737,0.0,0.0,0.0,0.0,0.2967032967032967,0.2838952247565693,0.5420051634222407,"{""0"": 200, ""1"": 200, ""2"": 200, ""3"": 200, ""4"": 200, ""5"": 200, ""6"": 200, ""7"": 200, ""8"": 200, ""9"": 200}",True
8,0.0005,3.0,mse_logits,2000,biweight,0.05,robust,0.2,True,True,1.0,,42,0.0,0.0,0.4985184509505294,0.0,0.0,0.0,0.0,0.32967032967032966,0.30801206447491275,0.4713736628273864,"{""0"": 200, ""1"": 200, ""2"": 200, ""3"": 200, ""4"": 200, ""5"": 200, ""6"": 200, ""7"": 200, ""8"": 200, ""9"": 200}",True
8,0.0005,3.0,mse_logits,2000,biweight,0.05,robust,0.2,True,True,1.0,0.7,42,0.0,0.0,0.4709588089087172,0.0,0.0,0.0,0.0,0.32967032967032966,0.30801206447491275,0.4713736628273864,"{""0"": 200, ""1"": 200, ""2"": 200, ""3"": 200, ""4"": 200, ""5"": 200, ""6"": 200, ""7"": 200, ""8"": 200, ""9"": 200}",True
8,0.0005,3.5,mse_logits,1000,mad,0.05,robust,0.2,True,True,,,42,0.0,0.07692307692307693,0.493399076644054,0.0,0.0,0.07692307692307693,0.0,0.23076923076923078,0.2676246740875224,0.5822671746187708,"{""0"": 100, ""1"": 100, ""2"": 100, ""3"": 100, ""4"": 100, ""5"": 100, ""6"": 100, ""7"": 100, ""8"": 100, ""9"": 100}",True
8,0.0005,3.5,mse_logits,1000,mad,0.05,robust,0.2,True,True,,0.7,42,0.0,0.07692307692307693,0.4690536439891474,0.0,0.0,0.07692307692307693,0.0,0.23076923076923078,0.2676246740875224,0.5822671746187708,"{""0"": 100, ""1"": 100, ""2"": 100, ""3"": 100, ""4"": 100, ""5"": 100, ""6"": 100, ""7"": 100, ""8"": 100, ""9"": 100}",True
8,0.0005,3.5,mse_logits,1000,mad,0.05,robust,0.2,True,True,1.0,,42,0.0,0.07692307692307693,0.49907657511481146,0.0,0.0,0.07692307692307693,0.0,0.25274725274725274,0.2709923848081743,0.5423642000380988,"{""0"": 100, ""1"": 100, ""2"": 100, ""3"": 100, ""4"": 100, ""5"": 100, ""6"": 100, ""7"": 100, ""8"": 100, ""9"": 100}",True
8,0.0005,3.5,mse_logits,1000,mad,0.05,robust,0.2,True,True,1.0,0.7,42,0.0,0.07692307692307693,0.47402884031109227,0.0,0.0,0.07692307692307693,0.0,0.25274725274725274,0.2709923848081743,0.5423642000380988,"{""0"": 100, ""1"": 100, ""2"": 100, ""3"": 100, ""4"": 100, ""5"": 100, ""6"": 100, ""7"": 100, ""8"": 100, ""9"": 100}",True
8,0.0005,3.5,mse_logits,1000,biweight,0.05,robust,0.2,True,True,,,42,0.0,0.07692307692307693,0.4893798680529967,0.0,0.0,0.07692307692307693,0.0,0.23076923076923078,0.2676246740875224,0.5822671746187708,"{""0"": 100, ""1"": 100, ""2"": 100, ""3"": 100, ""4"": 100, ""5"": 100, ""6"": 100, ""7"": 100, ""8"": 100, ""9"": 100}",True
8,0.0005,3.5,mse_logits,1000,biweight,0.05,robust,0.2,True,True,,0.7,42,0.0,0.07692307692307693,0.4589889407695592,0.0,0.0,0.07692307692307693,0.0,0.23076923076923078,0.2676246740875224,0.5822671746187708,"{""0"": 100, ""1"": 100, ""2"": 100, ""3"": 100, ""4"": 100, ""5"": 100, ""6"": 100, ""7"": 100, ""8"": 100, ""9"": 100}",True
8,0.0005,3.5,mse_logits,1000,biweight,0.05,robust,0.2,True,True,1.0,,42,0.0,0.07692307692307693,0.4987809902566498,0.0,0.0,0.07692307692307693,0.0,0.25274725274725274,0.2709923848081743,0.5423642000380988,"{""0"": 100, ""1"": 100, ""2"": 100, ""3"": 100, ""4"": 100, ""5"": 100, ""6"": 100, ""7"": 100, ""8"": 100, ""9"": 100}",True
8,0.0005,3.5,mse_logits,1000,biweight,0.05,robust,0.2,True,True,1.0,0.7,42,0.0,0.07692307692307693,0.4655825220405249,0.0,0.0,0.07692307692307693,0.0,0.25274725274725274,0.2709923848081743,0.5423642000380988,"{""0"": 100, ""1"": 100, ""2"": 100, ""3"": 100, ""4"": 100, ""5"": 100, ""6"": 100, ""7"": 100, ""8"": 100, ""9"": 100}",True
8,0.0005,3.5,mse_logits,2000,mad,0.05,robust,0.2,True,True,,,42,0.0,0.07692307692307693,0.48781511714068804,0.0,0.0,0.07692307692307693,0.0,0.2967032967032967,0.2838952247565693,0.5420051634222407,"{""0"": 200, ""1"": 200, ""2"": 200, ""3"": 200, ""4"": 200, ""5"": 200, ""6"": 200, ""7"": 200, ""8"": 200, ""9"": 200}",True
8,0.0005,3.5,mse_logits,2000,mad,0.05,robust,0.2,True,True,,0.7,42,0.0,0.0,0.46179613924625673,0.0,0.0,0.0,0.0,0.2967032967032967,0.2838952247565693,0.5420051634222407,"{""0"": 200, ""1"": 200, ""2"": 200, ""3"": 200, ""4"": 200, ""5"": 200, ""6"": 200, ""7"": 200, ""8"": 200, ""9"": 200}",True
8,0.0005,3.5,mse_logits,2000,mad,0.05,robust,0.2,True,True,1.0,,42,0.0,0.0,0.49844972878005095,0.0,0.0,0.0,0.0,0.32967032967032966,0.30801206447491275,0.4713736628273864,"{""0"": 200, ""1"": 200, ""2"": 200, ""3"": 200, ""4"": 200, ""5"": 200, ""6"": 200, ""7"": 200, ""8"": 200, ""9"": 200}",True
8,0.0005,3.5,mse_logits,2000,mad,0.05,robust,0.2,True,True,1.0,0.7,42,0.0,0.0,0.4695653370917244,0.0,0.0,0.0,0.0,0.32967032967032966,0.30801206447491275,0.4713736628273864,"{""0"": 200, ""1"": 200, ""2"": 200, ""3"": 200, ""4"": 200, ""5"": 200, ""6"": 200, ""7"": 200, ""8"": 200, ""9"": 200}",True
8,0.0005,3.5,mse_logits,2000,biweight,0.05,robust,0.2,True,True,,,42,0.0,0.0,0.4838793356203592,0.0,0.0,0.0,0.0,0.2967032967032967,0.2838952247565693,0.5420051634222407,"{""0"": 200, ""1"": 200, ""2"": 200, ""3"": 200, ""4"": 200, ""5"": 200, ""6"": 200, ""7"": 200, ""8"": 200, ""9"": 200}",True
8,0.0005,3.5,mse_logits,2000,biweight,0.05,robust,0.2,True,True,,0.7,42,0.0,0.0,0.45564984114838725,0.0,0.0,0.0,0.0,0.2967032967032967,0.2838952247565693,0.5420051634222407,"{""0"": 200, ""1"": 200, ""2"": 200, ""3"": 200, ""4"": 200, ""5"": 200, ""6"": 200, ""7"": 200, ""8"": 200, ""9"": 200}",True
8,0.0005,3.5,mse_logits,2000,biweight,0.05,robust,0.2,True,True,1.0,,42,0.0,0.0,0.49823007950251946,0.0,0.0,0.0,0.0,0.32967032967032966,0.30801206447491275,0.4713736628273864,"{""0"": 200, ""1"": 200, ""2"": 200, ""3"": 200, ""4"": 200, ""5"": 200, ""6"": 200, ""7"": 200, ""8"": 200, ""9"": 200}",True
8,0.0005,3.5,mse_logits,2000,biweight,0.05,robust,0.2,True,True,1.0,0.7,42,0.0,0.0,0.4652983849948487,0.0,0.0,0.0,0.0,0.32967032967032966,0.30801206447491275,0.4713736628273864,"{""0"": 200, ""1"": 200, ""2"": 200, ""3"": 200, ""4"": 200, ""5"": 200, ""6"": 200, ""7"": 200, ""8"": 200, ""9"": 200}",True
8,0.0005,4.0,mse_logits,1000,mad,0.05,robust,0.2,True,True,,,42,0.0,0.07692307692307693,0.49223009647686844,0.0,0.0,0.07692307692307693,0.0,0.23076923076923078,0.2676246740875224,0.5822671746187708,"{""0"": 100, ""1"": 100, ""2"": 100, ""3"": 100, ""4"": 100, ""5"": 100, ""6"": 100, ""7"": 100, ""8"": 100, ""9"": 100}",True
8,0.0005,4.0,mse_logits,1000,mad,0.05,robust,0.2,True,True,,0.7,42,0.0,0.07692307692307693,0.46393467022486423,0.0,0.0,0.07692307692307693,0.0,0.23076923076923078,0.2676246740875224,0.5822671746187708,"{""0"": 100, ""1"": 100, ""2"": 100, ""3"": 100, ""4"": 100, ""5"": 100, ""6"": 100, ""7"": 100, ""8"": 100, ""9"": 100}",True
8,0.0005,4.0,mse_logits,1000,mad,0.05,robust,0.2,True,True,1.0,,42,0.0,0.07692307692307693,0.498925071140514,0.0,0.0,0.07692307692307693,0.0,0.25274725274725274,0.2709923848081743,0.5423642000380988,"{""0"": 100, ""1"": 100, ""2"": 100, ""3"": 100, ""4"": 100, ""5"": 100, ""6"": 100, ""7"": 100, ""8"": 100, ""9"": 100}",True
8,0.0005,4.0,mse_logits,1000,mad,0.05,robust,0.2,True,True,1.0,0.7,42,0.0,0.07692307692307693,0.46976828439178664,0.0,0.0,0.07692307692307693,0.0,0.25274725274725274,0.2709923848081743,0.5423642000380988,"{""0"": 100, ""1"": 100, ""2"": 100, ""3"": 100, ""4"": 100, ""5"": 100, ""6"": 100, ""7"": 100, ""8"": 100, ""9"": 100}",True
8,0.0005,4.0,mse_logits,1000,biweight,0.05,robust,0.2,True,True,,,42,0.0,0.07692307692307693,0.4876367152299458,0.0,0.0,0.07692307692307693,0.0,0.23076923076923078,0.2676246740875224,0.5822671746187708,"{""0"": 100, ""1"": 100, ""2"": 100, ""3"": 100, ""4"": 100, ""5"": 100, ""6"": 100, ""7"": 100, ""8"": 100, ""9"": 100}",True
8,0.0005,4.0,mse_logits,1000,biweight,0.05,robust,0.2,True,True,,0.7,42,0.0,0.0,0.4524321522596206,0.0,0.0,0.0,0.0,0.23076923076923078,0.2676246740875224,0.5822671746187708,"{""0"": 100, ""1"": 100, ""2"": 100, ""3"": 100, ""4"": 100, ""5"": 100, ""6"": 100, ""7"": 100, ""8"": 100, ""9"": 100}",True
8,0.0005,4.0,mse_logits,1000,biweight,0.05,robust,0.2,True,True,1.0,,42,0.0,0.0,0.4985872598740435,0.0,0.0,0.0,0.0,0.25274725274725274,0.2709923848081743,0.5423642000380988,"{""0"": 100, ""1"": 100, ""2"": 100, ""3"": 100, ""4"": 100, ""5"": 100, ""6"": 100, ""7"": 100, ""8"": 100, ""9"": 100}",True
8,0.0005,4.0,mse_logits,1000,biweight,0.05,robust,0.2,True,True,1.0,0.7,42,0.0,0.0,0.460115349225424,0.0,0.0,0.0,0.0,0.25274725274725274,0.2709923848081743,0.5423642000380988,"{""0"": 100, ""1"": 100, ""2"": 100, ""3"": 100, ""4"": 100, ""5"": 100, ""6"": 100, ""7"": 100, ""8"": 100, ""9"": 100}",True
8,0.0005,4.0,mse_logits,2000,mad,0.05,robust,0.2,True,True,,,42,0.0,0.0,0.48574141236033896,0.0,0.0,0.0,0.0,0.2967032967032967,0.2838952247565693,0.5420051634222407,"{""0"": 200, ""1"": 200, ""2"": 200, ""3"": 200, ""4"": 200, ""5"": 200, ""6"": 200, ""7"": 200, ""8"": 200, ""9"": 200}",True
8,0.0005,4.0,mse_logits,2000,mad,0.05,robust,0.2,True,True,,0.7,42,0.0,0.0,0.4554271574147065,0.0,0.0,0.0,0.0,0.2967032967032967,0.2838952247565693,0.5420051634222407,"{""0"": 200, ""1"": 200, ""2"": 200, ""3"": 200, ""4"": 200, ""5"": 200, ""6"": 200, ""7"": 200, ""8"": 200, ""9"": 200}",True
8,0.0005,4.0,mse_logits,2000,mad,0.05,robust,0.2,True,True,1.0,,42,0.0,0.0,0.4981927358002598,0.0,0.0,0.0,0.0,0.32967032967032966,0.30801206447491275,0.4713736628273864,"{""0"": 200, ""1"": 200, ""2"": 200, ""3"": 200, ""4"": 200, ""5"": 200, ""6"": 200, ""7"": 200, ""8"": 200, ""9"": 200}",True
8,0.0005,4.0,mse_logits,2000,mad,0.05,robust,0.2,True,True,1.0,0.7,42,0.0,0.0,0.4645144777631238,0.0,0.0,0.0,0.0,0.32967032967032966,0.30801206447491275,0.4713736628273864,"{""0"": 200, ""1"": 200, ""2"": 200, ""3"": 200, ""4"": 200, ""5"": 200, ""6"": 200, ""7"": 200, ""8"": 200, ""9"": 200}",True
8,0.0005,4.0,mse_logits,2000,biweight,0.05,robust,0.2,True,True,,,42,0.0,0.0,0.48124337633710595,0.0,0.0,0.0,0.0,0.2967032967032967,0.2838952247565693,0.5420051634222407,"{""0"": 200, ""1"": 200, ""2"": 200, ""3"": 200, ""4"": 200, ""5"": 200, ""6"": 200, ""7"": 200, ""8"": 200, ""9"": 200}",True
8,0.0005,4.0,mse_logits,2000,biweight,0.05,robust,0.2,True,True,,0.7,42,0.0,0.0,0.4484028167314271,0.0,0.0,0.0,0.0,0.2967032967032967,0.2838952247565693,0.5420051634222407,"{""0"": 200, ""1"": 200, ""2"": 200, ""3"": 200, ""4"": 200, ""5"": 200, ""6"": 200, ""7"": 200, ""8"": 200, ""9"": 200}",True
8,0.0005,4.0,mse_logits,2000,biweight,0.05,robust,0.2,True,True,1.0,,42,0.0,0.0,0.49794170805450955,0.0,0.0,0.0,0.0,0.32967032967032966,0.30801206447491275,0.4713736628273864,"{""0"": 200, ""1"": 200, ""2"": 200, ""3"": 200, ""4"": 200, ""5"": 200, ""6"": 200, ""7"": 200, ""8"": 200, ""9"": 200}",True
8,0.0005,4.0,mse_logits,2000,biweight,0.05,robust,0.2,True,True,1.0,0.7,42,0.0,0.0,0.4596379610809802,0.0,0.0,0.0,0.0,0.32967032967032966,0.30801206447491275,0.4713736628273864,"{""0"": 200, ""1"": 200, ""2"": 200, ""3"": 200, ""4"": 200, ""5"": 200, ""6"": 200, ""7"": 200, ""8"": 200, ""9"": 200}",True
8,0.0001,3.0,mse_logits,1000,mad,0.05,robust,0.2,True,True,,,42,0.0,0.07692307692307693,0.49893027510767324,0.0,0.0,0.07692307692307693,0.0,0.24175824175824176,0.269211975674824,0.5682700907635433,"{""0"": 100, ""1"": 100, ""2"": 100, ""3"": 100, ""4"": 100, ""5"": 100, ""6"": 100, ""7"": 100, ""8"": 100, ""9"": 100}",True
8,0.0001,3.0,mse_logits,1000,mad,0.05,robust,0.2,True,True,,0.7,42,0.0,0.07692307692307693,0.47781836481070905,0.0,0.0,0.07692307692307693,0.0,0.24175824175824176,0.269211975674824,0.5682700907635433,"{""0"": 100, ""1"": 100, ""2"": 100, ""3"": 100, ""4"": 100, ""5"": 100, ""6"": 100, ""7"": 100, ""8"": 100, ""9"": 100}",True
8,0.0001,3.0,mse_logits,1000,mad,0.05,robust,0.2,True,True,1.0,,42,0.0,0.07692307692307693,0.49984609245677847,0.0,0.0,0.07692307692307693,0.0,0.25274725274725274,0.2709923848081743,0.5395521070991589,"{""0"": 100, ""1"": 100, ""2"": 100, ""3"": 100, ""4"": 100, ""5"": 100, ""6"": 100, ""7"": 100, ""8"": 100, ""9"": 100}",True
8,0.0001,3.0,mse_logits,1000,mad,0.05,robust,0.2,True,True,1.0,0.7,42,0.0,0.07692307692307693,0.4787220055877667,0.0,0.0,0.07692307692307693,0.0,0.25274725274725274,0.2709923848081743,0.5395521070991589,"{""0"": 100, ""1"": 100, ""2"": 100, ""3"": 100, ""4"": 100, ""5"": 100, ""6"": 100, ""7"": 100, ""8"": 100, ""9"": 100}",True
8,0.0001,3.0,mse_logits,1000,biweight,0.05,robust,0.2,True,True,,,42,0.0,0.07692307692307693,0.4982300730471011,0.0,0.0,0.07692307692307693,0.0,0.24175824175824176,0.269211975674824,0.5682700907635433,"{""0"": 100, ""1"": 100, ""2"": 100, ""3"": 100, ""4"": 100, ""5"": 100, ""6"": 100, ""7"": 100, ""8"": 100, ""9"": 100}",True
8,0.0001,3.0,mse_logits,1000,biweight,0.05,robust,0.2,True,True,,0.7,42,0.0,0.07692307692307693,0.4705135346425278,0.0,0.0,0.07692307692307693,0.0,0.24175824175824176,0.269211975674824,0.5682700907635433,"{""0"": 100, ""1"": 100, ""2"": 100, ""3"": 100, ""4"": 100, ""5"": 100, ""6"": 100, ""7"": 100, ""8"": 100, ""9"": 100}",True
8,0.0001,3.0,mse_logits,1000,biweight,0.05,robust,0.2,True,True,1.0,,42,0.0,0.07692307692307693,0.49979489583041625,0.0,0.0,0.07692307692307693,0.0,0.25274725274725274,0.2709923848081743,0.5395521070991589,"{""0"": 100, ""1"": 100, ""2"": 100, ""3"": 100, ""4"": 100, ""5"": 100, ""6"": 100, ""7"": 100, ""8"": 100, ""9"": 100}",True
8,0.0001,3.0,mse_logits,1000,biweight,0.05,robust,0.2,True,True,1.0,0.7,42,0.0,0.07692307692307693,0.4716238294931183,0.0,0.0,0.07692307692307693,0.0,0.25274725274725274,0.2709923848081743,0.5395521070991589,"{""0"": 100, ""1"": 100, ""2"": 100, ""3"": 100, ""4"": 100, ""5"": 100, ""6"": 100, ""7"": 100, ""8"": 100, ""9"": 100}",True
8,0.0001,3.0,mse_logits,2000,mad,0.05,robust,0.2,True,True,,,42,0.0,0.07692307692307693,0.4979718393424274,0.0,0.0,0.07692307692307693,0.0,0.2967032967032967,0.2838952247565693,0.5327634911143434,"{""0"": 200, ""1"": 200, ""2"": 200, ""3"": 200, ""4"": 200, ""5"": 200, ""6"": 200, ""7"": 200, ""8"": 200, ""9"": 200}",True
8,0.0001,3.0,mse_logits,2000,mad,0.05,robust,0.2,True,True,,0.7,42,0.0,0.07692307692307693,0.47407085585719966,0.0,0.0,0.07692307692307693,0.0,0.2967032967032967,0.2838952247565693,0.5327634911143434,"{""0"": 200, ""1"": 200, ""2"": 200, ""3"": 200, ""4"": 200, ""5"": 200, ""6"": 200, ""7"": 200, ""8"": 200, ""9"": 200}",True
8,0.0001,3.0,mse_logits,2000,mad,0.05,robust,0.2,True,True,1.0,,42,0.0,0.07692307692307693,0.4997414270290626,0.0,0.0,0.07692307692307693,0.0,0.3351648351648352,0.30801206447491275,0.47110654616596015,"{""0"": 200, ""1"": 200, ""2"": 200, ""3"": 200, ""4"": 200, ""5"": 200, ""6"": 200, ""7"": 200, ""8"": 200, ""9"": 200}",True
8,0.0001,3.0,mse_logits,2000,mad,0.05,robust,0.2,True,True,1.0,0.7,42,0.0,0.07692307692307693,0.47534049010877927,0.0,0.0,0.07692307692307693,0.0,0.3351648351648352,0.30801206447491275,0.47110654616596015,"{""0"": 200, ""1"": 200, ""2"": 200, ""3"": 200, ""4"": 200, ""5"": 200, ""6"": 200, ""7"": 200, ""8"": 200, ""9"": 200}",True
8,0.0001,3.0,mse_logits,2000,biweight,0.05,robust,0.2,True,True,,,42,0.0,0.07692307692307693,0.49730590072850805,0.0,0.0,0.07692307692307693,0.0,0.2967032967032967,0.2838952247565693,0.5327634911143434,"{""0"": 200, ""1"": 200, ""2"": 200, ""3"": 200, ""4"": 200, ""5"": 200, ""6"": 200, ""7"": 200, ""8"": 200, ""9"": 200}",True
8,0.0001,3.0,mse_logits,2000,biweight,0.05,robust,0.2,True,True,,0.7,42,0.0,0.0,0.47021294873184466,0.0,0.0,0.0,0.0,0.2967032967032967,0.2838952247565693,0.5327634911143434,"{""0"": 200, ""1"": 200, ""2"": 200, ""3"": 200, ""4"": 200, ""5"": 200, ""6"": 200, ""7"": 200, ""8"": 200, ""9"": 200}",True
8,0.0001,3.0,mse_logits,2000,biweight,0.05,robust,0.2,True,True,1.0,,42,0.0,0.0,0.499703762252274,0.0,0.0,0.0,0.0,0.3351648351648352,0.30801206447491275,0.47110654616596015,"{""0"": 200, ""1"": 200, ""2"": 200, ""3"": 200, ""4"": 200, ""5"": 200, ""6"": 200, ""7"": 200, ""8"": 200, ""9"": 200}",True
8,0.0001,3.0,mse_logits,2000,biweight,0.05,robust,0.2,True,True,1.0,0.7,42,0.0,0.0,0.4717885320424349,0.0,0.0,0.0,0.0,0.3351648351648352,0.30801206447491275,0.47110654616596015,"{""0"": 200, ""1"": 200, ""2"": 200, ""3"": 200, ""4"": 200, ""5"": 200, ""6"": 200, ""7"": 200, ""8"": 200, ""9"": 200}",True
8,0.0001,3.5,mse_logits,1000,mad,0.05,robust,0.2,True,True,,,42,0.0,0.07692307692307693,0.49870010880703464,0.0,0.0,0.07692307692307693,0.0,0.24175824175824176,0.269211975674824,0.5682700907635433,"{""0"": 100, ""1"": 100, ""2"": 100, ""3"": 100, ""4"": 100, ""5"": 100, ""6"": 100, ""7"": 100, ""8"": 100, ""9"": 100}",True
8,0.0001,3.5,mse_logits,1000,mad,0.05,robust,0.2,True,True,,0.7,42,0.0,0.07692307692307693,0.473458983824184,0.0,0.0,0.07692307692307693,0.0,0.24175824175824176,0.269211975674824,0.5682700907635433,"{""0"": 100, ""1"": 100, ""2"": 100, ""3"": 100, ""4"": 100, ""5"": 100, ""6"": 100, ""7"": 100, ""8"": 100, ""9"": 100}",True
8,0.0001,3.5,mse_logits,1000,mad,0.05,robust,0.2,True,True,1.0,,42,0.0,0.07692307692307693,0.499815916883403,0.0,0.0,0.07692307692307693,0.0,0.25274725274725274,0.2709923848081743,0.5395521070991589,"{""0"": 100, ""1"": 100, ""2"": 100, ""3"": 100, ""4"": 100, ""5"": 100, ""6"": 100, ""7"": 100, ""8"": 100, ""9"": 100}",True
8,0.0001,3.5,mse_logits,1000,mad,0.05,robust,0.2,True,True,1.0,0.7,42,0.0,0.07692307692307693,0.4745463795491065,0.0,0.0,0.07692307692307693,0.0,0.25274725274725274,0.2709923848081743,0.5395521070991589,"{""0"": 100, ""1"": 100, ""2"": 100, ""3"": 100, ""4"": 100, ""5"": 100, ""6"": 100, ""7"": 100, ""8"": 100, ""9"": 100}",True
8,0.0001,3.5,mse_logits,1000,biweight,0.05,robust,0.2,True,True,,,42,0.0,0.07692307692307693,0.4978832064030338,0.0,0.0,0.07692307692307693,0.0,0.24175824175824176,0.269211975674824,0.5682700907635433,"{""0"": 100, ""1"": 100, ""2"": 100, ""3"": 100, ""4"": 100, ""5"": 100, ""6"": 100, ""7"": 100, ""8"": 100, ""9"": 100}",True
8,0.0001,3.5,mse_logits,1000,biweight,0.05,robust,0.2,True,True,,0.7,42,0.0,0.07692307692307693,0.46493668196130594,0.0,0.0,0.07692307692307693,0.0,0.24175824175824176,0.269211975674824,0.5682700907635433,"{""0"": 100, ""1"": 100, ""2"": 100, ""3"": 100, ""4"": 100, ""5"": 100, ""6"": 100, ""7"": 100, ""8"": 100, ""9"": 100}",True
8,0.0001,3.5,mse_logits,1000,biweight,0.05,robust,0.2,True,True,1.0,,42,0.0,0.07692307692307693,0.49975618748598044,0.0,0.0,0.07692307692307693,0.0,0.25274725274725274,0.2709923848081743,0.5395521070991589,"{""0"": 100, ""1"": 100, ""2"": 100, ""3"": 100, ""4"": 100, ""5"": 100, ""6"": 100, ""7"": 100, ""8"": 100, ""9"": 100}",True
8,0.0001,3.5,mse_logits,1000,biweight,0.05,robust,0.2,True,True,1.0,0.7,42,0.0,0.07692307692307693,0.4662651741053501,0.0,0.0,0.07692307692307693,0.0,0.25274725274725274,0.2709923848081743,0.5395521070991589,"{""0"": 100, ""1"": 100, ""2"": 100, ""3"": 100, ""4"": 100, ""5"": 100, ""6"": 100, ""7"": 100, ""8"": 100, ""9"": 100}",True
8,0.0001,3.5,mse_logits,2000,mad,0.05,robust,0.2,True,True,,,42,0.0,0.07692307692307693,0.4975564444323205,0.0,0.0,0.07692307692307693,0.0,0.2967032967032967,0.2838952247565693,0.5327634911143434,"{""0"": 200, ""1"": 200, ""2"": 200, ""3"": 200, ""4"": 200, ""5"": 200, ""6"": 200, ""7"": 200, ""8"": 200, ""9"": 200}",True
8,0.0001,3.5,mse_logits,2000,mad,0.05,robust,0.2,True,True,,0.7,42,0.0,0.0,0.46890396136555557,0.0,0.0,0.0,0.0,0.2967032967032967,0.2838952247565693,0.5327634911143434,"{""0"": 200, ""1"": 200, ""2"": 200, ""3"": 200, ""4"": 200, ""5"": 200, ""6"": 200, ""7"": 200, ""8"": 200, ""9"": 200}",True
8,0.0001,3.5,mse_logits,2000,mad,0.05,robust,0.2,True,True,1.0,,42,0.0,0.0,0.49969002451449296,0.0,0.0,0.0,0.0,0.3351648351648352,0.30801206447491275,0.47110654616596015,"{""0"": 200, ""1"": 200, ""2"": 200, ""3"": 200, ""4"": 200, ""5"": 200, ""6"": 200, ""7"": 200, ""8"": 200, ""9"": 200}",True
8,0.0001,3.5,mse_logits,2000,mad,0.05,robust,0.2,True,True,1.0,0.7,42,0.0,0.0,0.47043354410583377,0.0,0.0,0.0,0.0,0.3351648351648352,0.30801206447491275,0.47110654616596015,"{""0"": 200, ""1"": 200, ""2"": 200, ""3"": 200, ""4"": 200, ""5"": 200, ""6"": 200, ""7"": 200, ""8"": 200, ""9"": 200}",True
8,0.0001,3.5,mse_logits,2000,biweight,0.05,robust,0.2,True,True,,,42,0.0,0.0,0.4967795160494146,0.0,0.0,0.0,0.0,0.2967032967032967,0.2838952247565693,0.5327634911143434,"{""0"": 200, ""1"": 200, ""2"": 200, ""3"": 200, ""4"": 200, ""5"": 200, ""6"": 200, ""7"": 200, ""8"": 200, ""9"": 200}",True
8,0.0001,3.5,mse_logits,2000,biweight,0.05,robust,0.2,True,True,,0.7,42,0.0,0.0,0.4644030697193081,0.0,0.0,0.0,0.0,0.2967032967032967,0.2838952247565693,0.5327634911143434,"{""0"": 200, ""1"": 200, ""2"": 200, ""3"": 200, ""4"": 200, ""5"": 200, ""6"": 200, ""7"": 200, ""8"": 200, ""9"": 200}",True
8,0.0001,3.5,mse_logits,2000,biweight,0.05,robust,0.2,True,True,1.0,,42,0.0,0.0,0.4996460822749062,0.0,0.0,0.0,0.0,0.3351648351648352,0.30801206447491275,0.47110654616596015,"{""0"": 200, ""1"": 200, ""2"": 200, ""3"": 200, ""4"": 200, ""5"": 200, ""6"": 200, ""7"": 200, ""8"": 200, ""9"": 200}",True
8,0.0001,3.5,mse_logits,2000,biweight,0.05,robust,0.2,True,True,1.0,0.7,42,0.0,0.0,0.466289593028432,0.0,0.0,0.0,0.0,0.3351648351648352,0.30801206447491275,0.47110654616596015,"{""0"": 200, ""1"": 200, ""2"": 200, ""3"": 200, ""4"": 200, ""5"": 200, ""6"": 200, ""7"": 200, ""8"": 200, ""9"": 200}",True
8,0.0001,4.0,mse_logits,1000,mad,0.05,robust,0.2,True,True,,,42,0.0,0.07692307692307693,0.498469942506396,0.0,0.0,0.07692307692307693,0.0,0.24175824175824176,0.269211975674824,0.5682700907635433,"{""0"": 100, ""1"": 100, ""2"": 100, ""3"": 100, ""4"": 100, ""5"": 100, ""6"": 100, ""7"": 100, ""8"": 100, ""9"": 100}",True
8,0.0001,4.0,mse_logits,1000,mad,0.05,robust,0.2,True,True,,0.7,42,0.0,0.07692307692307693,0.46909960283765895,0.0,0.0,0.07692307692307693,0.0,0.24175824175824176,0.269211975674824,0.5682700907635433,"{""0"": 100, ""1"": 100, ""2"": 100, ""3"": 100, ""4"": 100, ""5"": 100, ""6"": 100, ""7"": 100, ""8"": 100, ""9"": 100}",True
8,0.0001,4.0,mse_logits,1000,mad,0.05,robust,0.2,True,True,1.0,,42,0.0,0.07692307692307693,0.4997857413100275,0.0,0.0,0.07692307692307693,0.0,0.25274725274725274,0.2709923848081743,0.5395521070991589,"{""0"": 100, ""1"": 100, ""2"": 100, ""3"": 100, ""4"": 100, ""5"": 100, ""6"": 100, ""7"": 100, ""8"": 100, ""9"": 100}",True
8,0.0001,4.0,mse_logits,1000,mad,0.05,robust,0.2,True,True,1.0,0.7,42,0.0,0.07692307692307693,0.4703707535104463,0.0,0.0,0.07692307692307693,0.0,0.25274725274725274,0.2709923848081743,0.5395521070991589,"{""0"": 100, ""1"": 100, ""2"": 100, ""3"": 100, ""4"": 100, ""5"": 100, ""6"": 100, ""7"": 100, ""8"": 100, ""9"": 100}",True
8,0.0001,4.0,mse_logits,1000,biweight,0.05,robust,0.2,True,True,,,42,0.0,0.07692307692307693,0.4975363397589665,0.0,0.0,0.07692307692307693,0.0,0.24175824175824176,0.269211975674824,0.5682700907635433,"{""0"": 100, ""1"": 100, ""2"": 100, ""3"": 100, ""4"": 100, ""5"": 100, ""6"": 100, ""7"": 100, ""8"": 100, ""9"": 100}",True
8,0.0001,4.0,mse_logits,1000,biweight,0.05,robust,0.2,True,True,,0.7,42,0.0,0.0,0.459359829280084,0.0,0.0,0.0,0.0,0.24175824175824176,0.269211975674824,0.5682700907635433,"{""0"": 100, ""1"": 100, ""2"": 100, ""3"": 100, ""4"": 100, ""5"": 100, ""6"": 100, ""7"": 100, ""8"": 100, ""9"": 100}",True
8,0.0001,4.0,mse_logits,1000,biweight,0.05,robust,0.2,True,True,1.0,,42,0.0,0.0,0.4997174791415446,0.0,0.0,0.0,0.0,0.25274725274725274,0.2709923848081743,0.5395521070991589,"{""0"": 100, ""1"": 100, ""2"": 100, ""3"": 100, ""4"": 100, ""5"": 100, ""6"": 100, ""7"": 100, ""8"": 100, ""9"": 100}",True
8,0.0001,4.0,mse_logits,1000,biweight,0.05,robust,0.2,True,True,1.0,0.7,42,0.0,0.0,0.4609065187175819,0.0,0.0,0.0,0.0,0.25274725274725274,0.2709923848081743,0.5395521070991589,"{""0"": 100, ""1"": 100, ""2"": 100, ""3"": 100, ""4"": 100, ""5"": 100, ""6"": 100, ""7"": 100, ""8"": 100, ""9"": 100}",True
8,0.0001,4.0,mse_logits,2000,mad,0.05,robust,0.2,True,True,,,42,0.0,0.0,0.4971410495222136,0.0,0.0,0.0,0.0,0.2967032967032967,0.2838952247565693,0.5327634911143434,"{""0"": 200, ""1"": 200, ""2"": 200, ""3"": 200, ""4"": 200, ""5"": 200, ""6"": 200, ""7"": 200, ""8"": 200, ""9"": 200}",True
8,0.0001,4.0,mse_logits,2000,mad,0.05,robust,0.2,True,True,,0.7,42,0.0,0.0,0.4637370668739115,0.0,0.0,0.0,0.0,0.2967032967032967,0.2838952247565693,0.5327634911143434,"{""0"": 200, ""1"": 200, ""2"": 200, ""3"": 200, ""4"": 200, ""5"": 200, ""6"": 200, ""7"": 200, ""8"": 200, ""9"": 200}",True
8,0.0001,4.0,mse_logits,2000,mad,0.05,robust,0.2,True,True,1.0,,42,0.0,0.0,0.49963862199992326,0.0,0.0,0.0,0.0,0.3351648351648352,0.30801206447491275,0.47110654616596015,"{""0"": 200, ""1"": 200, ""2"": 200, ""3"": 200, ""4"": 200, ""5"": 200, ""6"": 200, ""7"": 200, ""8"": 200, ""9"": 200}",True
8,0.0001,4.0,mse_logits,2000,mad,0.05,robust,0.2,True,True,1.0,0.7,42,0.0,0.0,0.4655265981028882,0.0,0.0,0.0,0.0,0.3351648351648352,0.30801206447491275,0.47110654616596015,"{""0"": 200, ""1"": 200, ""2"": 200, ""3"": 200, ""4"": 200, ""5"": 200, ""6"": 200, ""7"": 200, ""8"": 200, ""9"": 200}",True
8,0.0001,4.0,mse_logits,2000,biweight,0.05,robust,0.2,True,True,,,42,0.0,0.0,0.49625313137032123,0.0,0.0,0.0,0.0,0.2967032967032967,0.2838952247565693,0.5327634911143434,"{""0"": 200, ""1"": 200, ""2"": 200, ""3"": 200, ""4"": 200, ""5"": 200, ""6"": 200, ""7"": 200, ""8"": 200, ""9"": 200}",True
8,0.0001,4.0,mse_logits,2000,biweight,0.05,robust,0.2,True,True,,0.7,42,0.0,0.0,0.4585931907067715,0.0,0.0,0.0,0.0,0.2967032967032967,0.2838952247565693,0.5327634911143434,"{""0"": 200, ""1"": 200, ""2"": 200, ""3"": 200, ""4"": 200, ""5"": 200, ""6"": 200, ""7"": 200, ""8"": 200, ""9"": 200}",True
8,0.0001,4.0,mse_logits,2000,biweight,0.05,robust,0.2,True,True,1.0,,42,0.0,0.0,0.4995884022975384,0.0,0.0,0.0,0.0,0.3351648351648352,0.30801206447491275,0.47110654616596015,"{""0"": 200, ""1"": 200, ""2"": 200, ""3"": 200, ""4"": 200, ""5"": 200, ""6"": 200, ""7"": 200, ""8"": 200, ""9"": 200}",True
8,0.0001,4.0,mse_logits,2000,biweight,0.05,robust,0.2,True,True,1.0,0.7,42,0.0,0.0,0.4607906540144291,0.0,0.0,0.0,0.0,0.3351648351648352,0.30801206447491275,0.47110654616596015,"{""0"": 200, ""1"": 200, ""2"": 200, ""3"": 200, ""4"": 200, ""5"": 200, ""6"": 200, ""7"": 200, ""8"": 200, ""9"": 200}",True
